your full name,name
email address,email
company/organization,organization
title / occupation, title
location (city),location
linkedin (for job opportunity),linkedin
github,github
how did you hear about our community?,source
which areas of blockchain are you interested in?,interested_topics
why do you want to join our community,expectation
do you want be a volunteer for future abc events ?,interested_in_volunteer
resume,resume
any suggestion,feedback
what is your blockchain experience level?,experience
